{
    "label": "1",
    "data": [
        3.0,
        2.0,
        3.0,
        3.0,
        2.0,
        3.0,
        3.0,
        3.0,
        3.0,
        4.0,
        3.0,
        3.0,
        3.0,
        3.0,
        3.0,
        2.0,
        3.0,
        3.0,
        2.0,
        3.0,
        3.0,
        2.0,
        3.0,
        3.0,
        3.0,
        3.0,
        2.0,
        3.0,
        3.0,
        3.0,
        3.0,
        3.0,
        2.0,
        3.0,
        3.0,
        2.0,
        3.0,
        3.0,
        3.0,
        3.0,
        3.0,
        3.0,
        2.0,
        2.0,
        4.0,
        3.0,
        3.0,
        3.0,
        3.0,
        2.0,
        3.0,
        3.0,
        3.0,
        3.0,
        3.0,
        3.0,
        3.0,
        3.0,
        3.0,
        3.0,
        3.0,
        3.0,
        3.0,
        3.0,
        3.0,
        3.0,
        3.0,
        3.0,
        3.0,
        3.0,
        3.0,
        3.0,
        3.0,
        3.0,
        3.0,
        4.0,
        2.0,
        3.0,
        3.0,
        2.0,
        3.0,
        3.0,
        3.0,
        3.0,
        3.0,
        3.0,
        3.0,
        3.0,
        3.0,
        2.0,
        3.0,
        3.0,
        2.0,
        3.0,
        2.0,
        3.0,
        3.0,
        3.0,
        3.0,
        3.0,
        4.0,
        3.0,
        2.0,
        3.0,
        2.0,
        3.0,
        3.0,
        2.0,
        3.0,
        3.0,
        3.0,
        3.0,
        2.0,
        3.0,
        3.0,
        3.0,
        3.0,
        3.0,
        3.0,
        2.0,
        3.0,
        3.0,
        2.0,
        3.0,
        3.0,
        4.0,
        2.0,
        3.0,
        2.0,
        2.0,
        3.0,
        3.0,
        3.0,
        3.0,
        3.0,
        3.0,
        2.0,
        3.0,
        3.0,
        2.0,
        4.0,
        3.0,
        3.0,
        3.0,
        2.0,
        3.0,
        3.0,
        3.0,
        3.0,
        3.0,
        3.0,
        2.0,
        3.0,
        3.0,
        2.0,
        2.0,
        3.0,
        3.0
    ],
    "time": [
        1683028900.6773057,
        1683028900.678046,
        1683028900.67812,
        1683028900.678254,
        1683028900.678388,
        1683028900.678545,
        1683028900.678545,
        1683028900.678889,
        1683028900.678889,
        1683028900.6790938,
        1683028900.6792314,
        1683028900.6792314,
        1683028900.6792314,
        1683028900.6792314,
        1683028900.6792314,
        1683028900.6797879,
        1683028900.679913,
        1683028900.6800108,
        1683028900.6800108,
        1683028900.6800108,
        1683028900.6800108,
        1683028900.6802588,
        1683028900.6802588,
        1683028900.6802588,
        1683028900.6802588,
        1683028900.6802588,
        1683028900.6802588,
        1683028900.6802588,
        1683028900.6802588,
        1683028900.6802588,
        1683028900.6802588,
        1683028900.681227,
        1683028900.681227,
        1683028900.681227,
        1683028900.681227,
        1683028900.681227,
        1683028900.681227,
        1683028900.681227,
        1683028900.681227,
        1683028900.681227,
        1683028900.681227,
        1683028900.6822248,
        1683028900.6822248,
        1683028900.6822248,
        1683028900.6822248,
        1683028900.6822248,
        1683028900.6822248,
        1683028900.6822248,
        1683028900.6822248,
        1683028900.6822248,
        1683028900.6822248,
        1683028900.6822248,
        1683028900.6822248,
        1683028900.6822248,
        1683028900.6822248,
        1683028900.6822248,
        1683028900.6822248,
        1683028900.6822248,
        1683028900.6822248,
        1683028900.683258,
        1683028900.683258,
        1683028900.683258,
        1683028900.683258,
        1683028900.683258,
        1683028900.683258,
        1683028900.683258,
        1683028900.683258,
        1683028900.683258,
        1683028900.683258,
        1683028900.6839483,
        1683028900.6839483,
        1683028900.6839483,
        1683028900.6842208,
        1683028900.6842208,
        1683028900.6844609,
        1683028900.6846387,
        1683028900.6847441,
        1683028900.6847441,
        1683028900.6847441,
        1683028900.6847441,
        1683028900.6852183,
        1683028900.6853025,
        1683028900.6853025,
        1683028900.6853025,
        1683028900.6853025,
        1683028900.6853025,
        1683028900.6853025,
        1683028900.6853025,
        1683028900.6853025,
        1683028900.6853025,
        1683028900.6853025,
        1683028900.6853025,
        1683028900.6862164,
        1683028900.6862164,
        1683028900.6862164,
        1683028900.6862164,
        1683028900.6862164,
        1683028900.6862164,
        1683028900.6862164,
        1683028900.6862164,
        1683028900.6872506,
        1683028900.6872506,
        1683028900.6874614,
        1683028900.687624,
        1683028900.687624,
        1683028900.687624,
        1683028900.687624,
        1683028900.687624,
        1683028900.688237,
        1683028900.688237,
        1683028900.688237,
        1683028900.688237,
        1683028900.688237,
        1683028900.688237,
        1683028900.688237,
        1683028900.688237,
        1683028900.6892054,
        1683028900.6892054,
        1683028900.6892054,
        1683028900.6892054,
        1683028900.6892054,
        1683028900.6892054,
        1683028900.6904995,
        1683028900.691507,
        1683028900.6934984,
        1683028900.6944957,
        1683028900.69649,
        1683028900.6974874,
        1683028900.699482,
        1683028900.701571,
        1683028900.7024746,
        1683028900.7044692,
        1683028900.7054813,
        1683028900.7074606,
        1683028900.7086318,
        1683028900.7104526,
        1683028900.71145,
        1683028900.7134452,
        1683028900.7144434,
        1683028900.7164385,
        1683028900.7184384,
        1683028900.719435,
        1683028900.7204287,
        1683028900.7224207,
        1683028900.723418,
        1683028900.725413,
        1683028900.7264102,
        1683028900.7284052,
        1683028900.730399,
        1683028900.731398,
        1683028900.7333922,
        1683028900.734389,
        1683028900.7367492,
        1683028900.7373812,
        1683028900.739376,
        1683028900.7414062,
        1683028900.742368,
        1683028900.743973
    ]
}